{
  "Working Directory" : "",
  "Prompt Before Closing 2" : false,
  "Selected Text Color" : {
    "Green Component" : 0.68627452850341797,
    "Red Component" : 0.74901962280273438,
    "Blue Component" : 0.57647061347961426
  },
  "Rows" : 25,
  "Ansi 11 Color" : {
    "Green Component" : 0.46226394176483154,
    "Red Component" : 0.7381705641746521,
    "Blue Component" : 0.079888172447681427
  },
  "Use Italic Font" : true,
  "Foreground Color" : {
    "Green Component" : 0.44313725829124451,
    "Red Component" : 0.51764708757400513,
    "Blue Component" : 0.36078432202339172
  },
  "Right Option Key Sends" : 0,
  "Character Encoding" : 4,
  "Selection Color" : {
    "Green Component" : 0.050980392843484879,
    "Red Component" : 0.062745101749897003,
    "Blue Component" : 0.031372550874948502
  },
  "Mouse Reporting" : true,
  "Cursor Boost" : 0,
  "Ansi 4 Color" : {
    "Green Component" : 0.40392157435417175,
    "Red Component" : 0.23921568691730499,
    "Blue Component" : 0.78823530673980713
  },
  "Non-ASCII Anti Aliased" : true,
  "Sync Title" : false,
  "Disable Window Resizing" : true,
  "Description" : "Default",
  "Close Sessions On End" : true,
  "Jobs to Ignore" : [
    "rlogin",
    "ssh",
    "slogin",
    "telnet"
  ],
  "Scrollback Lines" : 0,
  "Flashing Bell" : false,
  "Cursor Guide Color" : {
    "Red Component" : 0.70213186740875244,
    "Color Space" : "sRGB",
    "Blue Component" : 1,
    "Alpha Component" : 0.25,
    "Green Component" : 0.9268307089805603
  },
  "BM Growl" : true,
  "AWDS Window Directory" : "\/Users\/eddie\/workarea\/",
  "Ansi 3 Color" : {
    "Green Component" : 0.38431372549019605,
    "Red Component" : 0.56862745098039214,
    "Blue Component" : 0.070588235294117646
  },
  "Use Non-ASCII Font" : true,
  "Link Color" : {
    "Red Component" : 0,
    "Color Space" : "sRGB",
    "Blue Component" : 0.73423302173614502,
    "Alpha Component" : 1,
    "Green Component" : 0.35916060209274292
  },
  "Shortcut" : "",
  "Background Image Location" : "",
  "Bold Color" : {
    "Green Component" : 0.99997437000274658,
    "Red Component" : 1,
    "Blue Component" : 0.99999129772186279
  },
  "Use Cursor Guide" : true,
  "Unlimited Scrollback" : true,
  "Custom Command" : "No",
  "AWDS Tab Option" : "Recycle",
  "Keyboard Map" : {
    "0x5e-0x60000" : {
      "Text" : "0x1e",
      "Action" : 11
    },
    "0xf702-0x280000" : {
      "Action" : 10,
      "Text" : "b"
    },
    "0xf702-0x260000" : {
      "Text" : "0x1b 0x1b 0x5b 0x44",
      "Action" : 11
    },
    "0xf703-0x280000" : {
      "Action" : 10,
      "Text" : "f"
    },
    "0xf70a-0x20000" : {
      "Text" : "[28~",
      "Action" : 10
    },
    "0xf703-0x260000" : {
      "Text" : "[C",
      "Action" : 10
    },
    "0xf702-0x220000" : {
      "Text" : "[D",
      "Action" : 10
    },
    "0xf703-0x240000" : {
      "Text" : "[5C",
      "Action" : 10
    },
    "0xf702-0x240000" : {
      "Text" : "[5D",
      "Action" : 10
    },
    "0xf703-0x220000" : {
      "Text" : "[C",
      "Action" : 10
    },
    "0xf700-0x280000" : {
      "Text" : "[A",
      "Action" : 10
    },
    "0xf72b-0x20000" : {
      "Text" : "[F",
      "Action" : 10
    },
    "0xf700-0x260000" : {
      "Text" : "[A",
      "Action" : 10
    },
    "0xf701-0x280000" : {
      "Text" : "[B",
      "Action" : 10
    },
    "0xf700-0x240000" : {
      "Text" : "[A",
      "Action" : 10
    },
    "0xf701-0x260000" : {
      "Text" : "[B",
      "Action" : 10
    },
    "0xf700-0x220000" : {
      "Text" : "[A",
      "Action" : 10
    },
    "0xf701-0x240000" : {
      "Text" : "[B",
      "Action" : 10
    },
    "0xf72b-0x40000" : {
      "Text" : "",
      "Action" : 4
    },
    "0xf708-0x20000" : {
      "Text" : "[25~",
      "Action" : 10
    },
    "0xf701-0x220000" : {
      "Text" : "[B",
      "Action" : 10
    },
    "0x2d-0x40000" : {
      "Text" : "0x1f",
      "Action" : 11
    },
    "0xf70b-0x20000" : {
      "Text" : "[29~",
      "Action" : 10
    },
    "0xf709-0x20000" : {
      "Text" : "[26~",
      "Action" : 10
    },
    "0xf729-0x20000" : {
      "Text" : "[H",
      "Action" : 10
    },
    "0xf729-0x40000" : {
      "Text" : "",
      "Action" : 5
    },
    "0x7f-0x80000" : {
      "Action" : 11,
      "Text" : "0x1B 0x08"
    }
  },
  "Ansi 14 Color" : {
    "Green Component" : 0.67330938577651978,
    "Red Component" : 0.19656024873256683,
    "Blue Component" : 0.70814752578735352
  },
  "Ansi 2 Color" : {
    "Green Component" : 0.47843137254901957,
    "Red Component" : 0.1764705882352941,
    "Blue Component" : 0.12941176470588234
  },
  "Send Code When Idle" : false,
  "ASCII Anti Aliased" : true,
  "Tags" : [

  ],
  "Ansi 9 Color" : {
    "Green Component" : 0.18136464059352875,
    "Red Component" : 0.84031367301940918,
    "Blue Component" : 0.16519969701766968
  },
  "Use Bold Font" : true,
  "Silence Bell" : false,
  "Ansi 12 Color" : {
    "Green Component" : 0.40877124667167664,
    "Red Component" : 0.23776523768901825,
    "Blue Component" : 0.99845123291015625
  },
  "Window Type" : 0,
  "Use Bright Bold" : true,
  "Cursor Text Color" : {
    "Green Component" : 0.15575926005840302,
    "Red Component" : 0,
    "Blue Component" : 0.19370138645172119
  },
  "Default Bookmark" : "No",
  "Cursor Color" : {
    "Green Component" : 0.34903633594512939,
    "Red Component" : 0.45321846008300781,
    "Blue Component" : 0.30379435420036316
  },
  "Ansi 1 Color" : {
    "Green Component" : 0.20000000000000001,
    "Red Component" : 0.6588235294117647,
    "Blue Component" : 0.16078431372549018
  },
  "Name" : "eddie",
  "Blinking Cursor" : false,
  "Guid" : "F6B51CD0-43FB-402E-8149-1B2760AF90D2",
  "Idle Code" : 0,
  "Ansi 10 Color" : {
    "Green Component" : 0.61196863651275635,
    "Red Component" : 0.1818024069070816,
    "Blue Component" : 0.10173974186182022
  },
  "Ansi 8 Color" : {
    "Green Component" : 0.47215542197227478,
    "Red Component" : 0.77306109666824341,
    "Blue Component" : 0.21336539089679718
  },
  "Badge Color" : {
    "Red Component" : 1,
    "Color Space" : "sRGB",
    "Blue Component" : 0,
    "Alpha Component" : 0.5,
    "Green Component" : 0.1491314172744751
  },
  "Smart Cursor Color" : false,
  "Semantic History" : {
    "editor" : "com.microsoft.VSCode",
    "action" : "best editor",
    "text" : ""
  },
  "Ambiguous Double Width" : false,
  "Ansi 0 Color" : {
    "Green Component" : 0.40000000596046448,
    "Red Component" : 0.60000002384185791,
    "Blue Component" : 0.20000000298023224
  },
  "AWDS Pane Directory" : "",
  "Blur" : false,
  "Vertical Spacing" : 1,
  "Normal Font" : "InputMono-Medium 12",
  "Use Underline Color" : false,
  "Ansi 7 Color" : {
    "Green Component" : 0.57647061347961426,
    "Red Component" : 0.71764707565307617,
    "Blue Component" : 0.46666666865348816
  },
  "Use HFS Plus Mapping" : true,
  "Space" : 0,
  "AWDS Tab Directory" : "",
  "AWDS Pane Option" : "Recycle",
  "Command" : "",
  "Terminal Type" : "xterm-256color",
  "Horizontal Spacing" : 1,
  "Option Key Sends" : 0,
  "Blink Allowed" : true,
  "Minimum Contrast" : 0.19018554687499997,
  "Ansi 15 Color" : {
    "Green Component" : 0.90576153993606567,
    "Red Component" : 0.93981856107711792,
    "Blue Component" : 0.79382067918777466
  },
  "Ansi 6 Color" : {
    "Green Component" : 0.51764708757400513,
    "Red Component" : 0.16078431904315948,
    "Blue Component" : 0.54117649793624878
  },
  "Transparency" : 0,
  "Background Color" : {
    "Green Component" : 0.10980392247438431,
    "Red Component" : 0.13725490868091583,
    "Blue Component" : 0.086274512112140656
  },
  "Screen" : -1,
  "AWDS Window Option" : "Yes",
  "Non Ascii Font" : "Monaco 12",
  "Ansi 13 Color" : {
    "Green Component" : 0.13889545202255249,
    "Red Component" : 0.98616957664489746,
    "Blue Component" : 0.81018024682998657
  },
  "Use Tab Color" : false,
  "Columns" : 80,
  "Visual Bell" : true,